customer_id,customer_name,customer_email
1,Aarav Mehta,aarav.mehta@example.com
2,Diya Sharma,diya.sharma@example.com
3,Rohan Patel,rohan.patel@example.com
4,Ananya Iyer,ananya.iyer@example.com
5,Vikram Nair,vikram.nair@example.com
6,Meera Gupta,meera.gupta@example.com
7,Aditya Singh,aditya.singh@example.com
8,Kavya Rao,kavya.rao@example.com
9,Arjun Das,arjun.das@example.com
10,Priya Reddy,priya.reddy@example.com